Time_from_start, RA, dec, DM, SNR, DM_corr, SNR_corr, Ø¾1000_ò, S_o, S_o50
41788.1, 21.45, -8.78, 3.91, 6.01, 3.914, 8.1, 41, 32.4, 16.2
38707.4, 8.24, -0.47, 10.29, 6.8, 10.29, 8.1, 27, 17.4, 8.7
17263.2, 2.41, 3.55, 11.25, 6.12, 11.25, 8.1, 38, 22.6, 11.3
8603.46, 10.08, 4.67, 11.36, 6.54, 11.362, 8.1, 23, 13.4, 6.7
5351.04, 23.24, 7.22, 1.81, 6.38, 1.808, 8.1, 37, 20.7, 10.3
31343, 6.46, 7.74, 4.6, 6.14, 4.6, 8.1, 50, 27.7, 13.9
22075.2, 3.95, 9.23, 22.23, 6.57, 22.23, 8.1, 33, 17.9, 8.9
19588.5, 16.35, 17.03, 27.14, 6.18, 27.138, 8.1, 67, 32.8, 16.4
40578.3, 22.18, 17.5, 4.95, 6.24, 4.954, 8.1, 43, 20.9, 10.5
4277.78, 12.1, 18.42, 2.42, 6.15, 2.422, 8.1, 30, 14.4, 7.2
12601.3, 10.19, 18.75, 26.21, 6.33, 26.208, 8.1, 27, 13, 6.5
33544.6, 21.02, 58.19, 5.31, 6.2, 5.312, 8.1, 76, 31.5, 15.7
1056.39, 7.71, 67.12, 25.94, 6.14, 25.94, 8.1, 39, 16.7, 8.4
3095.01, 8.28, 67.12, 27.29, 6.03, 27.284, 8.1, 33, 14.2, 7.1
39803.5, 18.48, 67.94, 3.93, 6.14, 3.928, 8.1, 43, 18.5, 9.3
12979.5, 12.7, 70.34, 9.83, 6.02, 9.838, 8.1, 31, 13.6, 6.8
24266.6, 15.84, 70.76, 13.07, 6.02, 13.07, 8.1, 39, 17.1, 8.6
14202.9, 1.17, -9.66, 14.98, 6.03, 14.978, 8.2, 30, 24.7, 12.3
36912.1, 7.74, -1.7, 7.96, 6.68, 7.952, 8.2, 35, 23.5, 11.7
35314.9, 7.43, 2.98, 7.99, 6.24, 7.986, 8.2, 36, 21.9, 11
29863.3, 6.11, 9.23, 17.16, 6.4, 17.16, 8.2, 52, 28.5, 14.3
16193.2, 2.31, 10.25, 8.72, 6.25, 8.714, 8.2, 39, 21.1, 10.5
28270.3, 15.88, 24.85, 10.48, 6.04, 10.482, 8.2, 57, 26.2, 13.1
36931, 4.95, 28.92, 11.15, 6.08, 11.148, 8.2, 55, 24.5, 12.2
29269.7, 2.96, 32.99, 5.87, 6.23, 5.874, 8.2, 45, 19.5, 9.8
12447, 0.68, -9.66, 20.84, 6.04, 20.836, 8.3, 29, 24.1, 12.1
7141.25, 23.27, -8.27, 16.98, 6.22, 16.982, 8.3, 31, 24.8, 12.4
1958.8, 22.16, 1.24, 12.59, 6.13, 12.59, 8.3, 35, 22.3, 11.2
1458.2, 22.35, 15.55, 14.36, 6.38, 14.358, 8.3, 44, 22.4, 11.2
18861.9, 23.67, 22.24, 21.64, 6.28, 21.64, 8.3, 42, 20, 10
31975.4, 3.84, 35.31, 20.2, 6.14, 20.202, 8.3, 52, 22.6, 11.3
2077.48, 11.14, 52.73, 15.77, 6.07, 15.762, 8.3, 27, 11.4, 5.7
13486.5, 0.97, -12.04, 22.38, 6.15, 22.386, 8.4, 21, 19.1, 9.5
2613, 22.02, -6.12, 12.68, 6.23, 12.678, 8.4, 37, 28.2, 14.1
38513.7, 20.54, 10.31, 15.98, 6.45, 15.98, 8.4, 63, 34.8, 17.4
14619.6, 11.48, 66.71, 26.86, 6, 26.858, 8.4, 32, 14.2, 7.1
36881, 17.67, 66.71, 12.4, 6.13, 12.414, 8.4, 42, 18.7, 9.3
40955, 18.67, -10.47, 5.19, 6.07, 5.19, 8.5, 105, 91.7, 45.9
9095.03, 23.75, -10.44, 17.07, 6.29, 17.07, 8.5, 33, 28.8, 14.4
43036.4, 9.18, -8.9, 15.72, 6.09, 15.71, 8.5, 23, 19.2, 9.6
42443.3, 9.28, 0.74, 15.09, 6.04, 15.084, 8.5, 21, 13.9, 6.9
17561.2, 12.5, 3.63, 13.37, 5.71, 13.37, 8.5, 36, 22.5, 11.2
383.286, 21.79, 4.03, 4.68, 6.01, 4.682, 8.5, 44, 27.3, 13.6
31352, 6.46, 6.68, 21.62, 6.28, 21.62, 8.5, 45, 26.6, 13.3
13838.6, 1.59, 8.79, 4.36, 6.42, 4.36, 8.5, 36, 20.6, 10.3
11282.9, 0.95, 9.74, 14.65, 6.38, 14.654, 8.5, 37, 20.9, 10.4
21702.1, 3.84, 9.74, 22.28, 6.14, 22.278, 8.5, 33, 18.6, 9.3
13528.2, 1.71, 15.08, 13.15, 6.03, 13.15, 8.5, 39, 20.5, 10.2
7127.07, 23.93, 16.02, 14.87, 6.07, 14.87, 8.5, 36, 18.7, 9.3
7101.88, 12.89, 16.57, 14.66, 6.03, 14.66, 8.5, 50, 25.8, 12.9
2964.62, 11.74, 17.03, 17.55, 6.18, 17.546, 8.5, 31, 15.9, 8
21053.1, 12.54, 18.75, 6.42, 6.08, 6.424, 8.5, 31, 15.6, 7.8
27329.3, 14.28, 18.75, 14.34, 6.03, 14.34, 8.5, 55, 27.7, 13.8
6059.74, 20.12, 22.68, 5.25, 6.22, 5.256, 8.5, 87, 42.2, 21.1
32910.9, 15.48, 26.04, 12.04, 6.09, 12.04, 8.5, 49, 23.1, 11.5
28436.9, 2.6, 29.34, 5, 6.15, 4.998, 8.5, 46, 21.2, 10.6
23552.5, 13.01, 31.02, 10.9, 6.26, 10.902, 8.5, 30, 13.7, 6.8
11930, 22.27, 35.31, 3.53, 6.18, 3.528, 8.5, 50, 22.3, 11.1
16888.1, 23.72, 37.72, 21.44, 6.31, 21.44, 8.5, 43, 18.9, 9.5
5912.29, 8.14, 42.35, 7.53, 5.89, 7.528, 8.5, 32, 13.9, 6.9
4862.94, 11.78, 48.92, 10.12, 6.84, 10.128, 8.5, 29, 12.5, 6.2
29234.4, 18.55, 49.71, 5.33, 6.61, 5.332, 8.5, 50, 21.5, 10.8
5761.27, 12.23, 55.42, 6.27, 6.77, 6.278, 8.5, 30, 13, 6.5
19641.1, 17.15, 57.8, 11.56, 6.44, 11.56, 8.5, 37, 16.1, 8
11658.6, 10.66, 67.12, 3.86, 6.19, 3.858, 8.5, 31, 14, 7
14005.1, 11.31, 67.94, 7.69, 6.09, 7.68, 8.5, 31, 14, 7
7498.11, 21.34, 68.23, 12.72, 6.12, 12.724, 8.5, 61, 27.6, 13.8
15209.2, 23.48, 69.06, 25.4, 6.11, 25.4, 8.5, 77, 35.1, 17.5
11955.2, 12.42, 70.34, 10.99, 6.3, 11.004, 8.5, 34, 15.6, 7.8
19317.5, 14.46, 70.34, 13.31, 6.01, 13.304, 8.5, 34, 15.6, 7.8
4891.32, 9.52, 72.43, 15.76, 6.08, 15.76, 8.5, 33, 15.4, 7.7
481.845, 7.49, -6.85, 13.28, 6.13, 13.28, 8.6, 35, 27.9, 13.9
40887.4, 8.71, -3.53, 22.22, 6.19, 22.218, 8.6, 24, 17.6, 8.8
23410.9, 3.86, -2.24, 23.85, 6.06, 23.85, 8.6, 30, 21.3, 10.7
44778.1, 10.06, 2.41, 17.65, 6.02, 17.644, 8.6, 24, 15.5, 7.7
25366.1, 4.99, 14.6, 8.1, 6.25, 8.1, 8.6, 52, 27.8, 13.9
14233.8, 14.87, 17.03, 19.92, 6.39, 19.926, 8.6, 59, 30.6, 15.3
14735.5, 15.01, 17.5, 13.41, 6.12, 13.404, 8.6, 59, 30.5, 15.2
34700, 3.94, 19.63, 15.07, 6.04, 15.07, 8.6, 39, 19.7, 9.8
7050.09, 20.65, 29.34, 17.88, 6.98, 17.87, 8.6, 82, 38.2, 19.1
35172.2, 4.47, 29.75, 7.39, 6.21, 7.384, 8.6, 55, 25.5, 12.8
38798.2, 17.41, 46.23, 16.73, 6.14, 16.742, 8.6, 41, 17.9, 8.9
3401.58, 22.17, -11.23, 6.71, 6.02, 6.704, 8.7, 33, 30.2, 15.1
9953.08, 23.99, -10.44, 24.26, 6.06, 24 .26, 8.7, 30, 26.8, 13.4
3790.48, 22.34, -5.43, 19.23, 6.09, 19.234, 8.7, 29, 22.5, 11.3
22836.1, 3.63, -5.43, 9.97, 6.5, 9.968, 8.7, 29, 22.5, 11.3
31276.1, 6.18, 0.74, 27.01, 6.02, 27.008, 8.7, 39, 26.3, 13.2
7683.57, 0.15, 16.42, 12.16, 6.11, 12.162, 8.7, 37, 19.6, 9.8
14761.6, 15.01, 16.57, 11.26, 6.38, 11.258, 8.7, 74, 39.1, 19.5
3484.62, 11.88, 18.42, 14.87, 6.24, 14.87, 8.7, 29, 15, 7.5
25579.5, 13.79, 20.55, 17.57, 6.17, 17.568, 8.7, 45, 22.8, 11.4
5930.13, 12.27, 55.42, 5.8, 5.51, 5.584, 8.7, 30, 13.3, 6.6
16095.5, 23.73, 68.65, 23.02, 6, 23.02, 8.7, 71, 33, 16.5
32498.7, 18.13, 70.76, 24.23, 6.36, 24.22, 8.7, 42, 19.8, 9.9
5625.42, 9.72, 74.14, 17.83, 6.12, 17.83, 8.7, 32, 15.5, 7.7
29903.1, 18.15, -11.92, 4.91, 6.18, 4.91, 8.8, 84, 79.5, 39.8
4445.54, 11.08, -8.78, 1.89, 6.23, 1.89, 8.8, 25, 21.5, 10.7
40240.2, 18.47, -8.19, 13.26, 6.15, 13.26, 8.8, 93, 78.6, 39.3
44826.5, 9.74, -5.43, 18.95, 6.28, 18.958, 8.8, 22, 17.3, 8.6
28466.7, 14.41, 41.16, 2.82, 6.57, 2.82, 8.8, 33, 14.9, 7.4
2037.73, 8.72, 72.43, 12.79, 6.24, 12.79, 8.8, 32, 15.4, 7.7
14986.7, 14.01, -11.92, 20.28, 6.36, 20.284, 9, 29, 28.1, 14
26575.6, 17.23, -11.92, 15.13, 6.33, 15.13, 9, 56, 54.2, 27.1
18909.1, 12.55, -10.47, 20.54, 6.09, 20.542, 9, 29, 26.8, 13.4
41036, 8.69, -8.27, 18.34, 6.08, 18.346, 9, 23, 19.9, 10
7480.46, 23.37, -7.54, 25.26, 6.36, 25.264, 9, 30, 25.5, 12.7
12482.9, 0.76, -7.54, 11.66, 6.07, 11.662, 9, 29, 24.6, 12.3
11955.8, 0.61, -6.12, 19.08, 6.49, 19.08, 9, 31, 25.3, 12.7
8830.74, 23.81, -3.53, 4.64, 6.03, 4.642, 9, 34, 26.1, 13
11081.5, 10.7, 3.63, 14.62, 5.73, 14.628, 9, 24, 15.9, 7.9
28198.2, 18.75, 16.57, 19.01, 6.42, 19.008, 9, 112, 61.2, 30.6
20684.2, 16.66, 17.5, 4.43, 6.1, 4.43, 9, 75, 40.5, 20.3
26896.7, 14.16, 18.75, 11.46, 6.04, 11.46, 9, 55, 29.3, 14.7
10232, 21.14, 19.63, 2.54, 6.04, 2.54, 9, 56, 29.6, 14.8
11703.4, 21.62, 20.01, 13.31, 6.75, 13.308, 9, 42, 22.1, 11.1
42126.5, 6.13, 22.68, 14.95, 6.1, 14.95, 9, 58, 29.8, 14.9
12832.4, 22, 23.12, 20.89, 6.07, 20.888, 9, 49, 25, 12.5
42173, 6.15, 23.12, 5.9, 5.56, 5.904, 9, 55, 28.1, 14.1
17007.3, 23.31, 23.93, 8.82, 6.13, 8.82, 9, 39, 19.8, 9.9
38618.3, 17.07, 25.18, 15.36, 6.52, 15.362, 9, 54, 27.1, 13.6
6345.78, 20.39, 28.14, 13.83, 6.19, 13.828, 9, 76, 37.3, 18.7
42368.2, 6.47, 29.34, 6.03, 6.55, 6.03, 9, 49, 23.9, 11.9
32622, 15.53, 29.36, 8.18, 6.27, 8.188, 9, 43, 20.9, 10.5
11989.8, 22.09, 30.94, 5.89, 6.41, 5.89, 9, 52, 25.1, 12.5
14404.1, 22.76, 30.94, 11.09, 6.5, 11.09, 9, 43, 20.7, 10.4
24679.7, 1.62, 30.94, 9.24, 6.22, 9.24, 9, 42, 20.3, 10.1
55056.6, 14.21, 31.29, 13.12, 6.3, 13.124, 9, 35, 16.8, 8.4
31173.3, 3.69, 36.92, 9.39, 6.17, 9.39, 9, 45, 21.1, 10.5
9059.17, 20.85, 39.22, 15.74, 6.13, 15.74, 9, 76, 35.3, 17.6
32221.2, 3.29, 40.41, 17.8, 6.16, 17.79, 9, 64, 29.6, 14.8
1757.54, 11.05, 53.91, 12.18, 6.51, 12.176, 9, 27, 12.3, 6.2
14722.8, 15.79, 57.4, 13.73, 6.52, 13.73, 9, 35, 16.1, 8
1676.91, 19.72, 68.23, 18.17, 6.01, 18.172, 9, 48, 23, 11.5
22849.4, 3.83, -0.47, 26.65, 6.11, 26.646, 9.1, 32, 23.2, 11.6
3364.98, 22.55, 1.24, 22.74, 6.32, 22.738, 9.1, 35, 24.5, 12.2
1534.58, 22.44, 16.89, 11.42, 6.22, 11.418, 9.1, 47, 25.9, 12.9
34178.9, 6.85, -2.24, 22.52, 6.02, 22.526, 9.2, 44, 33.5, 16.7
17382.3, 23.46, 28.14, 13.99, 6.2, 13.988, 9.2, 41, 20.6, 10.3
5253.39, 7.96, 41.96, 5.24, 6.05, 5.238, 9.2, 35, 16.5, 8.2
35750.9, 7.22, -8.27, 10.59, 6.37, 10.59, 9.3, 35, 31.3, 15.7
14977.5, 2.11, 14.12, 24.01, 6.32, 24.01, 9.3, 44, 25.6, 12.8
41944.9, 6.28, 27.3, 6.58, 6.02, 6.574, 9.3, 55, 28.1, 14
9839.02, 21.07, 39.62, 22.77, 6.5, 22.76, 9.3, 72, 34.5, 17.2
412.241, 18.45, 40.01, 11.2, 6.03, 11.2, 9.3, 50, 23.9, 12
4639.61, 8.58, -8.94, 11.85, 6.05, 11.85, 9.4, 23, 21.2, 10.6
24677.7, 17.77, 17.5, 2.5, 6.03, 2.498, 9.4, 70, 39.5, 19.8
42370.5, 9.06, -6.82, 17.96, 6.64, 17.958, 9.5, 21, 18.5, 9.2
30437.9, 6.14, 6.22, 12.34, 6.81, 12.34, 9.5, 49, 32.7, 16.3
33486.1, 7.05, 7.74, 16.78, 6.06, 16.78, 9.5, 39, 25.4, 12.7
42455.9, 9.61, 10.75, 19.17, 7.21, 19.17, 9.5, 23, 14.3, 7.1
13507.9, 14.67, 16.57, 17.12, 6.05, 17.122, 9.5, 61, 35.2, 17.6
26311.5, 18.22, 17.96, 10.96, 6.09, 10.954, 9.5, 89, 50.5, 25.3
3667.7, 7.71, 18.75, 21.82, 6.21, 21.822, 9.5, 39, 21.9, 11
31093.3, 3.33, 29.75, 17.36, 6.35, 17.36, 9.5, 43, 22.1, 11
15071.2, 23.15, 34.91, 6.08, 6.07, 6.086, 9.5, 45, 22.4, 11.2
37718.5, 5.44, 35.31, 16.11, 6.09, 16.11, 9.5, 59, 29.3, 14.7
16907.7, 13.79, 70.76, 26.91, 6.2, 26.91, 9.5, 34, 17.5, 8.7
33924.5, 16.72, -8.94, 7.85, 6.42, 7.85, 9.6, 46, 43.3, 21.7
42451.4, 21.64, -8.78, 26.86, 6.1, 26.862, 9.7, 38, 36, 18
21987.8, 3.92, 10.25, 7.9, 6.05, 7.902, 9.7, 36, 23, 11.5
1731.82, 18.85, 21.36, 9.63, 6.29, 9.63, 9.7, 64, 35.8, 17.9
11344, 11.31, 72.86, 16.94, 6.32, 16.94, 9.7, 31, 16.5, 8.3
25660.9, 4.35, -12.04, 26.52, 6.11, 26.518, 9.8, 26, 27.5, 13.8
36883.3, 7.47, -11.23, 25.92, 6.92, 25.912, 9.8, 36, 37.1, 18.6
19992.3, 2.91, -4.85, 26.75, 6.02, 26.748, 9.8, 35, 30.2, 15.1
19799.6, 3.18, 6.22, 11.1, 6.25, 11.102, 9.8, 32, 22, 11
27000.8, 1.67, 8.32, 10.11, 6.75, 10.108, 9.8, 36, 23.9, 12
11414.2, 1.05, 12.25, 14.99, 6.49, 14.99, 9.8, 36, 22.6, 11.3
1407.65, 8.42, 24.41, 16.74, 6.11, 16.75, 9.8, 31, 17.1, 8.5
7134.13, 9.4, 67.94, 9.35, 6.12, 9.35, 9.8, 34, 17.7, 8.9
12479.5, 21.83, 20.46, 17.88, 6.05, 18.88, 9.9, 42, 24.2, 12.1
8615.93, 12.24, -10.31, 19.54, 6.12, 19.54, 10, 30, 30.7, 15.3
27962.3, 17.61, -10.31, 13.34, 6, 13.342, 10, 69, 70.6, 35.3
13139.3, 10.95, -8.94, 6.63, 6.14, 6.63, 10, 24, 23.6, 11.8
45365, 19.96, -7.57, 23.83, 6.14, 23.828, 10, 51, 48.2, 24.1
23207.6, 3.74, -6.82, 15.54, 6.05, 15.54, 10, 25, 23.1, 11.6
37762.6, 8.11, 3.55, 12.56, 6.14, 12.552, 10, 26, 19.1, 9.6
3820.24, 22.75, 4.59, 15.47, 6.25, 15.472, 10, 36, 26, 13
14054.6, 11.59, 6.31, 4.84, 7.82, 4.846, 10, 27, 18.9, 9.5
22426, 3.98, 6.68, 12, 6.07, 12.004, 10, 34, 23.7, 11.8
43315.3, 9.78, 7.22, 7.12, 6.23, 7.12, 10, 24, 16.6, 8.3
6720.27, 23.75, 12.25, 15.28, 6.11, 15.28, 10, 34, 21.8, 10.9
14452.9, 1.96, 15.08, 17.57, 6.32, 17.57, 10, 41, 25.3, 12.7
29070.2, 18.99, 17.03, 12.58, 6.48, 12.58, 10, 90, 54.3, 27.2
9607.55, 13.58, 17.5, 18.98, 6.15, 18.978, 10, 46, 27.6, 13.8
6928.55, 12.84, 18.42, 10.41, 6.07, 10.418, 10, 48, 28.5, 14.3
8941.61, 9.17, 20.11, 20.51, 6.19, 20.51, 10, 22, 12.9, 6.4
31155.6, 3.02, 20.46, 16.94, 6.56, 16.94, 10, 41, 23.9, 11.9
28597.6, 2.38, 21.8, 12.41, 6.21, 12.41, 10, 39, 22.4, 11.2
33096.6, 3.82, 28.14, 9.62, 6.22, 9.622, 10, 42, 22.9, 11.5
28299.5, 2.56, 28.92, 6.89, 6.03, 6.892, 10, 44, 23.9, 11.9
3545.87, 19.68, 29.75, 10.26, 6.34, 20.26, 10, 82, 44.3, 22.1
33345.6, 4.09, 32.17, 6.45, 6.47, 6.452, 10, 44, 23.4, 11.7
19689.1, 0.43, 35.31, 4.15, 6.39, 4.156, 10, 44, 23, 11.5
4243.48, 20.14, 35.72, 14.08, 7.95, 14.078, 10, 85, 44.4, 22.2
43861.4, 6.52, 40.41, 15.85, 6.21, 15.85, 10, 50, 25.7, 12.8
10475.2, 9.54, 46.62, 13.9, 6.34, 13.9, 10, 26, 13.2, 6.6
16536, 16.29, 56.61, 11.62, 6.04, 11.618, 10, 38, 19.4, 9.7
3670.41, 12.72, 57.4, 21.02, 6.61, 21.022, 10, 30, 15.3, 7.7
34905.1, 4.95, 68.65, 14.23, 6.23, 14.22, 10, 55, 29.4, 14.7
20445.4, 0.94, 69.48, 15.58, 6.1, 15.58, 10, 69, 37.1, 18.5
38337, 18.81, 72.43, 8.54, 6.46, 8.532, 10, 43, 23.6, 11.8
9153.58, 10.7, 74.14, 8.73, 6.12, 8.734, 10, 32, 17.8, 8.9
20997, 13.99, 74.14, 6.07, 6.03, 6.066, 10, 34, 18.9, 9.4
44682.1, 10.29, 12.25, 18.83, 6.15, 18.83, 10.1, 26, 16.8, 8.4
18554.7, 23.52, 20.46, 20.39, 6.05, 20.394, 10.1, 40, 23.5, 11.8
32665.8, 6.43, -2.88, 17.64, 6.28, 17.64, 10.2, 43, 36.8, 18.4
16917, 2.19, 0.14, 14.86, 6.18, 14.862, 10.2, 35, 28, 14
7905.29, 9.88, 6.31, 2.97, 6.2, 2.976, 10.2, 22, 15.7, 7.9
61.1431, 21.77, 6.68, 11.63, 6.01, 11.622, 10.2, 41, 29.1, 14.6
20271.5, 16.54, 17.5, 7.02, 6, 7.026, 10.2, 71, 43.5, 21.7
22100.9, 0.72, 23.93, 11.62, 6.63, 11.62, 10.2, 37, 21.3, 10.6
2285.05, 18.97, 40.01, 5.54, 6.27, 5.538, 10.2, 50, 26.2, 13.1
27964.8, 14.4, 46.62, 21.13, 6.39, 21.128, 10.2, 29, 15, 7.5
258.895, 10.5, 48.92, 1.59, 6.01, 1.59, 10.2, 24, 12.4, 6.2
2158.77, 11.16, 53.51, 11.95, 6.16, 11.952, 10.2, 28, 14.5, 7.2
19237.5, 14.44, 70.34, 15.02, 6.37, 15.016, 10.2, 33, 18.2, 9.1
26686.2, 4.64, -9.66, 15.21, 6.29, 15.212, 10.3, 27, 27.9, 13.9
39150.4, 20.72, -8.78, 5.52, 6.21, 5.526, 10.3, 41, 41.3, 20.6
17969.6, 15.62, 55.42, 28.2, 6.08, 28.196, 10.3, 35, 18.3, 9.2
16003.7, 15.07, 55.82, 10.75, 6.31, 10.75, 10.3, 33, 17.3, 8.7
23705.3, 3.81, -11.23, 24.64, 6.11, 24.642, 10.5, 24, 26.5, 13.3
35344.2, 7.04, -8.9, 14.97, 6.33, 14.966, 10.5, 36, 37.1, 18.5
17994.3, 14.84, -8.78, 14.99, 6.21, 14.984, 10.5, 33, 33.9, 16.9
5440.83, 23.33, 11.25, 10.67, 6.05, 10.67, 10.5, 42, 28.6, 14.3
45117.7, 10.35, 11.25, 12.72, 6.11, 12.718, 10.5, 24, 16.4, 8.2
9133.69, 0.55, 16.89, 20.53, 7.13, 20.528, 10.5, 35, 22.2, 11.1
5567.9, 12.46, 17.96, 27.13, 6.15, 27.132, 10.5, 33, 20.7, 10.4
18469.5, 11.82, 20.55, 25.9, 6.05, 25.9, 10.5, 30, 18.3, 9.2
5362.34, 7.83, 26.47, 27.91, 6.05, 27.906, 10.5, 35, 20.3, 10.1
2638.66, 19.69, 34.91, 24.48, 6.27, 24.48, 10.5, 74, 40.8, 20.4
4697.88, 20.26, 35.72, 13.11, 6, 13.11, 10.5, 86, 47.2, 23.6
32629.7, 15.63, 43.54, 13.07, 6.19, 13.08, 10.5, 36, 19.3, 9.6
3490.74, 12.67, 57.01, 5.63, 6.1, 5.618, 10.5, 31, 16.6, 8.3
788.442, 7.64, 67.94, 18.27, 6.07, 12.278, 10.5, 42, 23.5, 11.7
6599.05, 21.09, 69.48, 15.61, 6.02, 15.606, 10.5, 56, 31.6, 15.8
31134.3, 16.81, 72.86, 13.09, 6, 13.088, 10.5, 36, 20.8, 10.4
30953.4, 2.97, 20.01, 8.7, 6.23, 8.702, 10.6, 43, 26.7, 13.3
13174.8, 12.76, 70.76, 12.73, 6.29, 12.724, 10.8, 33, 19.3, 9.7
4888.68, 22.71, -4.85, 8.03, 6.47, 8.028, 10.9, 32, 30.7, 15.3
37080.1, 4.64, 39.62, 16.46, 6.43, 16.45, 10.9, 57, 32, 16
7774.93, 20.98, 70.26, 7.83, 6.24, 7.832, 10.9, 57, 33.5, 16.8
17859.6, 14.81, -11.92, 18.29, 6.42, 18.29, 11, 34, 40.2, 20.1
38259.8, 17.92, -10.47, 14.07, 6.01, 14.072, 11, 81, 91.6, 45.8
33798.5, 19.23, -10.31, 11.76, 6.3, 11.756, 11, 88, 99, 49.5
13423.8, 0.95, -9.66, 9.66, 6.35, 9.664, 11, 30, 33.1, 16.5
33331, 6.75, -1.08, 13.5, 6.03, 13.5, 11, 43, 38.1, 19.1
38308, 8.26, 1.24, 16.96, 6.07, 16.962, 11, 27, 22.8, 11.4
29428.1, 5.79, 2.41, 8.95, 6.33, 8.952, 11, 37, 30.6, 15.3
12280.4, 1.36, 15.55, 4.73, 6.66, 4.728, 11, 35, 23.6, 11.8
17774.3, 15.85, 17.5, 16.55, 6, 16.55, 11, 66, 43.6, 21.8
1601.89, 19.03, 23.49, 5.66, 6.74, 5.662, 11, 77, 47.9, 24
8669.74, 20.99, 23.49, 2.66, 6.03, 2.664, 11, 62, 38.6, 19.3
12556, 11.52, 24.85, 11.45, 6.1, 11.45, 11, 32, 19.7, 9.8
7924.34, 8.54, 26.47, 25.56, 6.25, 25.556, 11, 27, 16.4, 8.2
1364.44, 19.01, 27.3, 12.07, 6.59, 12.07, 11, 75, 45.3, 22.6
35977.4, 4.69, 29.75, 9.61, 6.29, 9.61, 11, 53, 31.5, 15.7
37268.7, 16.95, 33.78, 13.81, 6.11, 13.806, 11, 45, 26.1, 13.1
13866.1, 22.19, 39.62, 26.79, 6.4, 26.78, 11, 58, 32.8, 16.4
31175.7, 19.09, 49.71, 26.4, 6.01, 26.404, 11, 53, 29.5, 14.8
427.033, 11.88, 58.93, 5.63, 6.06, 5.632, 11, 30, 16.9, 8.5
27790, 16.82, 70.76, 10.39, 6.34, 10.388, 11, 38, 22.6, 11.3
39518.6, 19.13, 72.86, 17.13, 6.17, 17.13, 11, 45, 27.2, 13.6
22491.6, 14.4, 74.14, 8.54, 6.8, 8.534, 11, 32, 19.5, 9.8
36515, 17.67, 74.5, 21.27, 6.16, 21.268, 11, 36, 22, 11
31998.6, 6.7, 9.23, 10.48, 6.25, 10.484, 11.1, 44, 32.7, 16.3
20320.4, 0.23, 24.79, 14.2, 6.16, 14.2, 11.1, 36, 22.4, 11.2
19193.9, 0.36, 36.52, 12.84, 6.16, 12.84, 11.1, 44, 25.4, 12.7
45798.9, 7.06, 39.22, 11, 6.09, 11, 11.1, 45, 25.8, 12.9
14193.3, 11.24, -10.47, 10, 5.93, 10, 11.2, 27, 31.1, 15.5
30767.6, 5.84, -6.82, 7.45, 6.51, 7.448, 11.2, 33, 34.2, 17.1
37241.6, 4.93, 23.93, 7.95, 6.26, 7.95, 11.2, 47, 29.7, 14.8
12580.8, 10.06, 43.14, 25.54, 6.56, 25.54, 11.2, 22, 12.6, 6.3
27107, 4.89, -2.88, 11.06, 6.02, 11.066, 11.3, 29, 27.5, 13.8
21924.6, 0.79, 29.75, 14.5, 6.41, 14.504, 11.3, 42, 25.6, 12.8
19817.3, 12.01, 41.16, 15.35, 5.51, 15.35, 11.3, 29, 16.8, 8.4
25713.4, 4.37, -11.23, 23.26, 6.24, 23.26, 11.4, 27, 32.4, 16.2
4090.84, 23.02, 11.75, 10.04, 6.09, 10.042, 11.5, 42, 31.1, 15.6
1738.8, 7.17, 18.75, 11.26, 6.22, 11.272, 11.5, 47, 32, 16
14495.6, 22.46, 21.8, 12.33, 6.09, 12.33, 11.5, 45, 29.7, 14.9
14231.4, 11.98, 24.41, 18.72, 6.61, 18.72, 11.5, 31, 20, 10
35730.3, 4.75, 32.17, 7.28, 6.22, 7.286, 11.5, 56, 34.3, 17.1
315.335, 6.66, 43.14, 21.02, 6.29, 21.022, 11.5, 47, 27.6, 13.8
9916.98, 10.18, 67.12, 2.65, 6.02, 2.654, 11.5, 32, 19.5, 9.8
1468.37, 7.83, 67.94, 18.9, 6.12, 18.9, 11.5, 38, 23.3, 11.6
5311.52, 20.73, 68.23, 10.51, 6.08, 10.51, 11.5, 57, 35, 17.5
30973.8, 16.13, 74.5, 13.92, 6.02, 13.916, 11.5, 36, 23, 11.5
26157.4, 1.96, 29.34, 27.06, 6.01, 27.058, 11.7, 45, 28.5, 14.2
30297.7, 18.26, -11.92, 14.07, 6.41, 14.072, 11.8, 75, 95.2, 47.6
23810.1, 4.5, 11.75, 3.68, 6.17, 3.676, 11.8, 37, 28.2, 14.1
34678, 4.4, 31.35, 8.21, 6.34, 8.21, 11.8, 45, 28.4, 14.2
30765.3, 15.84, -8.94, 25.73, 6.14, 25.73, 12, 36, 42.4, 21.2
21003.7, 3.12, -8.27, 26.73, 6.03, 26.744, 12, 25, 28.9, 14.4
2112.21, 22.27, 4.03, 16.72, 6.2, 16.722, 12, 34, 29.7, 14.9
45632.7, 20.3, 4.2, 18.87, 6.19, 18.866, 12, 56, 48.8, 24.4
36656.1, 7.93, 7.22, 15.49, 6.23, 15.484, 12, 29, 24, 12
30786.6, 19.47, 16.57, 22.89, 5.7, 22.89, 12, 104, 75.7, 37.9
34406.7, 20.47, 16.57, 19.53, 6.04, 19.536, 12, 64, 46.6, 23.3
10867.2, 21.39, 21.36, 21.06, 6.32, 21.056, 12, 59, 40.9, 20.4
16960.2, 23.14, 21.8, 13.03, 6.17, 13.022, 12, 40, 27.6, 13.8
2613.48, 19.16, 22.24, 12.65, 6.11, 12.65, 12, 78, 53.6, 26.8
3947.89, 19.68, 23.49, 9.37, 6.21, 9.368, 12, 94, 63.8, 31.9
68.1416, 18.6, 24.79, 26.45, 6.11, 26.452, 12, 75, 50.4, 25.2
24738, 13.21, 26.89, 14.53, 6.43, 14.532, 12, 38, 25.1, 12.6
6331.61, 20.39, 28.14, 26, 6.19, 26, 12, 76, 49.8, 24.9
42322.1, 6.72, 35.31, 7.24, 6.16, 7.24, 12, 48, 30.2, 15.1
84.7599, 6.53, 42.35, 4.81, 6.08, 4.81, 12, 46, 28.2, 14.1
18270.2, 15.64, 54.3, 8.81, 6.31, 8.808, 12, 35, 21.3, 10.7
2544.77, 12.4, 56.61, 17.1, 6.33, 17.1, 12, 28, 17.1, 8.6
33133.5, 4.03, 70.68, 7.26, 6.1, 7.26, 12, 62, 40.3, 20.1
41687.3, 21.43, 10.31, 1.54, 6.21, 1.54, 12.1, 47, 37.4, 18.7
6284.92, 20.38, 27.3, 12.48, 6.01, 12.48, 12.1, 77, 51.1, 25.6
18543.1, 0.41, 69.48, 12.58, 6.04, 12.578, 12.1, 71, 46.2, 23.1
3473.66, 10.81, -8.78, 5.65, 6.5, 5.65, 12.2, 24, 28.6, 14.3
23728.7, 13.28, 20.55, 24.31, 6.48, 24.31, 12.2, 37, 26.3, 13.1
20140.1, 12.28, 20.11, 13.91, 6.09, 13.912, 12.3, 31, 22.3, 11.1
10121.5, 9.31, 41.96, 14.82, 5.99, 14.822, 12.3, 25, 15.7, 7.9
20816.5, 12.35, 43.54, 20.77, 6.18, 20.776, 12.3, 29, 18.2, 9.1
4905.24, 11.99, 55.42, 6.33, 6.29, 6.33, 12.3, 28, 17.5, 8.8
20973.5, 3.58, 6.68, 22.64, 6.47, 22.64, 12.5, 32, 27.8, 13.9
29461.6, 5.93, 8.27, 4.97, 6.04, 4.97, 12.5, 44, 37.3, 18.7
16273.4, 11.21, 20.11, 14.53, 6.06, 14.528, 12.5, 31, 22.6, 11.3
36717, 4.57, 20.91, 12.39, 6.06, 12.388, 12.5, 45, 32.6, 16.3
18813.3, 12.65, 67.94, 3.68, 6.01, 3.68, 12.5, 32, 21.3, 10.6
15192.4, 23.48, 68.23, 15.57, 6.15, 15.564, 12.5, 75, 50, 25
18967.2, 13.42, 74.14, 12.82, 6.17, 12.818, 12.5, 33, 22.9, 11.4
28883, 2.98, 35.72, 5.65, 6.01, 5.644, 12.9, 44, 29.7, 14.8
42378.6, 9, -12.04, 11.32, 6.1, 11.308, 13, 21, 29.5, 14.7
24653.1, 4.2, -3.53, 19.59, 6.12, 19.59, 13, 27, 29.9, 15
39676.8, 21.93, 17.5, 10.78, 6.06, 10.78, 13, 43, 33.6, 16.8
4511.98, 7.94, 18.75, 9.42, 6.39, 9.422, 13, 34, 26.2, 13.1
14410.9, 14.63, 55.82, 10.12, 6.53, 10.124, 13, 33, 21.8, 10.9
35824.7, 4.58, 28.14, 25.7, 6.02, 25.7, 13.1, 47, 33.6, 16.8
28565.5, 14.44, 42.35, 13.09, 6.01, 13.094, 13.1, 32, 21.4, 10.7
9141.73, 20.91, 21.36, 5.55, 6.34, 5.53, 13.2, 61, 46.5, 23.2
3539.8, 22.34, -2.88, 22.23, 6.06, 22.232, 13.3, 30, 33.5, 16.7
40698.8, 22.22, 16.57, 17.58, 6.02, 17.588, 13.3, 45, 36.3, 18.2
41473.1, 18.82, -10.47, 21.8, 6.15, 21.798, 13.5, 104, 144.3, 72.1
2575.91, 8.08, -6.15, 17.7, 6.67, 17.7, 13.5, 26, 31.9, 16
4647.5, 23.17, 12.25, 12.91, 6.55, 12.916, 13.5, 42, 36.3, 18.2
882.901, 6.58, 26.47, 6.82, 6.06, 6.82, 13.5, 50, 37.3, 18.6
11600.7, 9.79, 43.54, 9.42, 6.74, 9.422, 13.5, 23, 15.8, 7.9
28022.1, 5.14, -3.53, 4.7, 6.18, 4.7, 13.7, 31, 36.2, 18.1
30884.4, 15.38, 39.64, 19.35, 6.34, 19.344, 13.7, 35, 24.7, 12.3
18100.7, 12.32, -8.94, 11.02, 6.16, 11.02, 13.8, 30, 40.6, 20.3
35087.6, 7.23, 0.14, 5.88, 6.23, 5.88, 13.8, 38, 41.2, 20.6
18925.8, 2.48, -8.9, 9.81, 6.15, 9.808, 14, 28, 38.4, 19.2
6673.23, 23.54, 6.22, 12.83, 6.07, 12.828, 14, 36, 35.4, 17.7
41886.4, 22.55, 17.96, 10.63, 6.28, 10.638, 14, 43, 36, 18
8046.8, 20.6, 20.46, 11.08, 6.01, 11.078, 14, 66, 53.8, 26.9
26444.8, 14.03, 20.55, 25.7, 6.5, 25.7, 14, 43, 35, 17.5
24016.4, 13.24, 44.72, 18.66, 6.18, 18.66, 14, 31, 22.1, 11
35706.5, 7.14, -12.04, 20.84, 6.23, 20.832, 14.5, 35, 54.8, 27.4
26966.4, 1.92, 23.12, 11.07, 6.05, 11.074, 14.5, 41, 33.8, 16.9
33453.1, 3.63, 39.62, 7.03, 6.15, 7.03, 14.6, 48, 36.1, 18
30445.5, 15.88, 66.71, 8.76, 6.18, 8.748, 14.8, 38, 29.7, 14.9
45445.1, 10.11, 0.74, 22.92, 6.42, 22.924, 15, 22, 25.6, 12.8
21499.7, 0.4, 21.8, 15.87, 6.08, 15.866, 15, 36, 31, 15.5
45469.6, 9.85, -12.04, 13.37, 6.09, 13.37, 15.2, 22, 36.1, 18.1
37959.1, 17.96, 67.94, 19.69, 6.12, 19.688, 15.5, 45, 37.1, 18.6
23313.9, 14.63, 74.14, 4.91, 6.13, 4.906, 15.5, 34, 29.2, 14.6
3853.11, 22.82, 7.74, 18.16, 6.13, 18.16, 16, 38, 41.6, 20.8
10854.9, 1.03, 18.28, 13.73, 6.15, 13.734, 16, 37, 35.2, 17.6
36640.7, 16.75, 44.32, 5.81, 6.44, 5.812, 16, 36, 29.3, 14.7
9026.31, 11.61, 70.34, 12.81, 6.92, 12.808, 16, 33, 28.5, 14.3
20667.8, 3.49, 6.68, 8.17, 6.14, 8.168, 16.5, 32, 36.8, 18.4
31144.9, 3.08, 22.24, 15.33, 6.79, 15.33, 16.5, 41, 38.7, 19.4
18336.9, 23.92, 32.17, 23.27, 6.18, 23.26, 16.5, 44, 38.6, 19.3
1962.94, 22.36, 10.25, 13.95, 6.51, 13.958, 16.7, 61, 67.1, 33.6
21060.3, 12.71, 41.97, 11.35, 6.25, 11.354, 17, 29, 25.2, 12.6
456.25, 7.55, 67.12, 28.62, 6.05, 28.618, 17, 39, 35.1, 17.6
44050.9, 6.6, 20.46, 9.51, 6.18, 9.51, 17.2, 55, 55.1, 27.5
42802.1, 9.25, -2.24, 12.37, 6.05, 12.372, 18, 22, 32.8, 16.4
2052.84, 11.48, 16.57, 5.45, 6.06, 5.448, 18, 31, 33.9, 16.9
44948.3, 10.17, 5.68, 17.38, 6.05, 17.394, 18.5, 24, 31.4, 15.7
12597, 21.93, 22.24, 17.61, 6.15, 17.61, 18.5, 49, 51.9, 25.9
40417.1, 8.58, -3.53, 15.85, 6.06, 15.85, 19, 24, 38.9, 19.4
29099.9, 18.64, 53.12, 26.8, 7.7, 26.806, 20.5, 50, 52, 26
13201.8, 22.03, 20.91, 11, 6.15, 11, 23.5, 48, 65.4, 32.7
28653.6, 5.71, 8.79, 15.76, 6.01, 15.756, 25, 39, 65.6, 32.8
